{"cameraMode":{"drawMode":0,"name":"Shaded","section":"Shading Mode"},"sceneLighting":true,"audioPlay":false,"sceneViewState":{"showFog":true,"showMaterialUpdate":false,"showSkybox":true,"showFlares":true,"showImageEffects":true,"showParticleSystems":true},"in2DMode":false,"pivot":{"x":14.01496696472168,"y":-21.24171257019043,"z":-12.842703819274903},"rotation":{"x":0.251386821269989,"y":0.7134193778038025,"z":-0.31195029616355898,"w":0.5749129056930542},"size":16.582149505615236,"orthographic":false}