{"cameraMode":{"drawMode":0,"name":"Shaded","section":"Shading Mode"},"sceneLighting":false,"audioPlay":false,"sceneViewState":{"showFog":true,"showMaterialUpdate":false,"showSkybox":true,"showFlares":true,"showImageEffects":true,"showParticleSystems":true},"in2DMode":false,"pivot":{"x":3.297339677810669,"y":1.3337514400482178,"z":-1.9060981273651124},"rotation":{"x":0.02081885375082493,"y":0.9449242353439331,"z":-0.32082217931747439,"w":0.061317890882492068},"size":5.5247087478637699,"orthographic":false}