{"cameraMode":{"drawMode":0,"name":"Shaded","section":"Shading Mode"},"sceneLighting":false,"audioPlay":false,"sceneViewState":{"showFog":true,"showMaterialUpdate":false,"showSkybox":false,"showFlares":true,"showImageEffects":true,"showParticleSystems":true},"in2DMode":false,"pivot":{"x":-3.2782554626464846e-7,"y":0.0,"z":2.384185791015625e-7},"rotation":{"x":0.00006200601637829095,"y":0.9787119030952454,"z":-0.20524078607559205,"w":0.00029472215101122856},"size":2.520888566970825,"orthographic":false}