{"cameraMode":{"drawMode":0,"name":"Shaded","section":"Shading Mode"},"sceneLighting":true,"audioPlay":false,"sceneViewState":{"showFog":true,"showMaterialUpdate":false,"showSkybox":true,"showFlares":true,"showImageEffects":true,"showParticleSystems":true},"in2DMode":false,"pivot":{"x":5.474724769592285,"y":0.006777763366699219,"z":-18.051780700683595},"rotation":{"x":0.00006200601637829095,"y":0.9787119030952454,"z":-0.20524078607559205,"w":0.00029472215101122856},"size":3.353032112121582,"orthographic":false}