{"cameraMode":{"drawMode":0,"name":"Shaded","section":"Shading Mode"},"sceneLighting":false,"audioPlay":false,"sceneViewState":{"showFog":true,"showMaterialUpdate":false,"showSkybox":true,"showFlares":true,"showImageEffects":true,"showParticleSystems":true},"in2DMode":false,"pivot":{"x":-7.1839599609375,"y":11.303460121154786,"z":-19.758544921875},"rotation":{"x":-0.21330073475837708,"y":-0.062387991696596149,"z":0.013650096952915192,"w":-0.9749004244804382},"size":1.882969856262207,"orthographic":false}