{"cameraMode":{"drawMode":0,"name":"Shaded","section":"Shading Mode"},"sceneLighting":false,"audioPlay":false,"sceneViewState":{"showFog":true,"showMaterialUpdate":false,"showSkybox":true,"showFlares":true,"showImageEffects":true,"showParticleSystems":true},"in2DMode":false,"pivot":{"x":3.1482391357421877,"y":1.1631202697753907,"z":-15.965104103088379},"rotation":{"x":0.10326463729143143,"y":-0.8141741156578064,"z":0.15269972383975984,"w":0.550588846206665},"size":1.4526779651641846,"orthographic":false}