{"cameraMode":{"drawMode":0,"name":"Shaded","section":"Shading Mode"},"sceneLighting":false,"audioPlay":false,"sceneViewState":{"showFog":true,"showMaterialUpdate":false,"showSkybox":false,"showFlares":true,"showImageEffects":true,"showParticleSystems":true},"in2DMode":false,"pivot":{"x":-0.2897758483886719,"y":5.286340713500977,"z":0.03994178771972656},"rotation":{"x":-0.19550968706607819,"y":0.12086677551269531,"z":-0.02428814396262169,"w":-0.9729226231575012},"size":13.18836784362793,"orthographic":false}