{"cameraMode":{"drawMode":0,"name":"Shaded","section":"Shading Mode"},"sceneLighting":false,"audioPlay":false,"sceneViewState":{"showFog":true,"showMaterialUpdate":false,"showSkybox":true,"showFlares":true,"showImageEffects":true,"showParticleSystems":true},"in2DMode":false,"pivot":{"x":0.6240792274475098,"y":0.46527624130249026,"z":-16.205596923828126},"rotation":{"x":0.10326463729143143,"y":-0.8141741156578064,"z":0.15269972383975984,"w":0.550588846206665},"size":41.136985778808597,"orthographic":false}